Initial UA,Estimated UA,Percent Error
50,495.2352155829093,0.9529568834181419
100,495.23201838191227,0.9535963236175462
200,495.2532197800612,0.949356043987757
300,495.25275457735546,0.9494490845289077
500,495.25775952455837,0.9484480950883266
1000,495.2394003089354,0.9521199382129225
2000,495.24311037072766,0.9513779258544673
