Study,SSE_Hot,SSE_Cold,SSE_Total
One Parameter,20.51072403887399,22.580957859351717,43.09168189822571
Two Parameter,20.310205523612822,22.711311651690842,43.021517175303664
Three Parameter,20.31020246252619,22.711314713192966,43.021517175719154
