UA_true,UA_est,Percent_error
500.0,495.25275457735546,0.9494490845289077
