UA_true,UA_est,UA_percent_error,mh_true,mh_est,mh_percent_error
500.0,494.92104796595527,1.0157904068089465,10.0,9.987285015043538,0.1271498495646206
